Keywords in Queries,Meaning 
lean transformation,lean transformation
processes mapping,process mapping
process mapping,process mapping
process improvement,Process improvement
value stream,Value Stream mapping
problem ,Problem Solving
processes,Process improvement
manufacturing,Manufacturing
culture,Culture transformation 
leadership,Leadership development
people,Culture transformation 
skill,Skill improvement
continuous,continuous improvement
leaders,Leadership development
workshop,Workshops
operations,Operational excellence
kaizen,continuous improvement
waste,Eliminating Waste
skills,Skill improvement
product,product development
kata,Kata
vsm,Value Stream mapping
sigma,Six Sigma Training
problems,Problem Solving
pull,Pull Production
operational,Operational excellence
gemba,GEMBA
hoshin,Policy Deployment
throughput,Cycle time
pdca,PDCA
agile,Lean
standardize,Standardized Work
kanban,Kanban System
innovation,Kaizen
scrap,Eliminating Waste
process revamp,Process improvement
leader,Leadership development
customer,service level
standard,Standardized Work
quality,Quality
Productivity,Productivity
production,production
customers,service level
improvements,Improvements
agility,lean transformation
management,management
healthcare,Healthcare
system,System
cost,Bottomline
efficiency,Productivity
developing,Develop
systems,System
analysis,Analysis
cultural,Culture transformation 
a3,A3 Reports
foundation,Foundation Course
health care,Healthcare
changeover,Quick Changeover
material flow,Material Flow
material,Material Flow
hospitals,Healthcare
root cause analysis,Root Cause Analysis
rca,Root Cause Analysis
knowledge,Knowledge Sharing
5s,5S
5,5S
belt,Green/Black Belt Six Sigma 
 onsite , onsite training
 offsite , offsite training
 web , web training
instructions,job instructions
strategy,Strategy
speaker,key note speaker
improvement,Improvements
Strategic,Strategy
reduce,Improve bottom-line
building,Team-Building
wasted ,Eliminating Waste
inexperienced,Inexperience
supply ,Supply Chain 
traditional,Traditional
margin,Margins
warehouse,Warehouse
training,Training 
stagnation,Stagnation
lead ,Leadership development
sustainability,sustainability
responsiveness,responsiveness
organisation,Organization
partners,Partnership
partner,Partnership
quickly,responsiveness
faster,responsiveness
visual,visual display
transform,Transformation
reliability,reliability
facilitator,facilitator
change,Change management
inefficiency,Productivity
efficiencies,Productivity
capacity,Capacity management
workshops,Workshops
accounting,Accounting
preventive,preventive
hospital,Healthcare
sales,sales
administrative,admin
optimization,optimization
tools,Tools
awareness,awareness
mentoring,mentoring
stagnant,Stagnation
trainer,Trainer
coaching,coaching
challenges,challenges
labor,Labor
operation,Operational excellence
inventory,inventory
warehousing,Warehouse
unorganized,5S
wasteful,Eliminating Waste
patient,Healthcare
improving,Improvements
shingo,Shingo
transformation,Transformation
wasted ,Eliminating Waste
streamline,streamline
service,Service delivery
standardization,Standardized Work
sensei,sensei
flow,Material Flow
coach,coaching
lean ,Lean
